cc2b1046faba60fa25216b76b16db6ee6d2b9fc5,src/java,src/test
7d582ef08f84f2ef7caf8fc18a1831d5de0eb91f,src/java,src/test
9bdacca2e30a7b1070675a83c4a4e4965749ecc4,src/java,src/test
e635cd103e1d4659aebd31e6f9ff804339676108,src/java,src/test
b24b7bed9b19eb774d1866dfec176fe505e01b1b,src/java,src/test
e1c0a989e105ebf19903ef0eb26ca5b8b489f1b2,src/java,src/test
6e52fa76927129f7e92e246f82c11d991ed5c7a2,src/java,src/test
62bf3b153b00c8d924edfee947c98e827fedf452,src/java,src/test
53289040e06ba2289764089c3729ae9202be6388,src/java,src/test
397e97d2b347f4fe326e95f4e90a0dbb0e446a42,src/java,src/test
2ceb32fb8ae534918abb819eb10b62481807115f,src/java,src/test
7890b7a6b1fce045520c88542c6df016ae0f372a,src/java,src/test
94d6e9fc10077249b0a7b7d18050b17f57f05b36,src/java,src/test
a0f92109ae84d76f01cc6a8dbbf5785ad8665ba1,src/java,src/test
a4cfc98a8494b56e9209891fee09e7b81483071c,src/java,src/test
9a149978a2ebfebf0f480e9b6be6c2fea5ea69a1,src/java,src/test
c671dfd5fe57d837fd966dbe0637198bc5cdbee0,src/java,src/test
7091bf722e0adbaf059ad262b33f548960ad6df9,src/java,src/test
7e4989ff111562d9bc562200d0c5bc5b41af18b9,src/java,src/test
a31f7779307e722d29258b452e09ee01a735eebb,src/java,src/test
620ff7afcf73ec660d0f450d8c86dbb416e6a4ce,src/java,src/test
ae0fc6f6ff1090c515409af0a2cff4af57921480,src/java,src/test
c226b3002a957c80c02b070d1f2a4d0a44583834,src/java,src/test
76a78917670dfa794fea01ee1d27717295643bed,src/java,src/test
95266cde0d2cf848ae9c5873bde8c94203c14696,src/java,src/test
26299571bb08cb72b8a13ab2ae066859576f45b3,src/java,src/test
ef208629a9979fb46495a7165d031f457b1dc4ca,src/java,src/test
bd0692bb67430c246c12cb27986ddd948ff1c4ef,src/java,src/test
fde223be37b02ea27ae3e6af337050d10b8c5f4f,src/java,src/test
e49e7f45c23b02430edff66bf128e1ed52117b0e,src/java,src/test
ca7adf55c3a69694e5be9867db36e4ccb9f344ce,src/java,src/test
8b733422b896a8dcfaef235eec9067f67a65071b,src/java,src/test
99fc536e1fad03dac5823013fb8584c214f53055,src/java,src/test
b0239d5d3e1aa423da9fa318e0132812e80306d4,src/java,src/test
4c0e3b5679dd1eb42e206342a488635d79ecb9e7,src/java,src/test
10497e9b171e6b659875aac206bad40ced4e422d,src/java,src/test
51009ec09f87328192f850fb5a3eb1d83dc70933,src/java,src/test
2e7912ff5068e21d4ebad02f5bdd5c57cfd3aef3,src/java,src/test
f3a95431ab4a6b88ace2b1a76f5cd1ca2f50a48a,src/java,src/test
677fe93e0786db5b1ff4c86139aec44415bc1c9c,src/java,src/test
2525bc9a8495fd3970a4a30be72f2f9ca2fc76b7,src/java,src/test
4eec2d730944094b6a79747459744a8989b3706a,src/java,src/test
e8faa3329ced19020ca50449813abbf35fbd558b,src/java,src/test
591ce433d0a3542e08d722f1827bd9f9c3ceea64,src/java,src/test
a9e8b82ae1b840f2f38be59b38a9df9ee8abfbc2,src/java,src/test
9cd45201278c247ad490697a664e9f5f12eae286,src/java,src/test
a7e955d5e69507b99e0d73a6751e6dee407fe2d2,src/java,src/test
5ea36c4310a778e152e3b4e2b01226aa00d9dcac,src/java,src/test
1d4504253d7e4b836e35620bb99614062d7fb4e1,src/java,src/test
f9ed6d9585d348c85e1f849d87a79d951b525ea3,src/java,src/test
a07e216cffcd85bf5bc5ce254b69c1eaa7e0e592,src/java,src/test
be8d8be878f99d26ad4390ca9620d98babbeea22,src/java,src/test
51a3d06e965de66859209ef5afd7ede70b248866,src/java,src/test
62f8f9cf6e8729a5d72304e9f2b035f4d269e7b8,src/java,src/test
b5a40037a452bcd390f005dfb245fce7b273fa5f,src/java,src/test
44353c821b856bf20d4ef86710dd8a62cb5600b0,src/java,src/test
aaf311cd404e8458d995afbd9552defc1bdf4985,src/java,src/test
90b489dd33b07cc12fe2a0a52cccdce75dee49b1,src/java,src/test
2585da8d157bda7a41c316f58fc25e171f5895c6,src/java,src/test
bad272b1b83dfaba0c7de16bb9bb3078535bd699,src/java,src/test
2bf652bed1a60e8bd7c2e2e47b7d0d1bfd66df0c,src/java,src/test
ab8534081cedfc9f3644e4da527516e8ea8fca6f,src/java,src/test
1377b6e27cb94e187b441ac96ede9bdaa48931fe,src/java,src/test
45d8717c3dcf3800cf007ee3eb42d38586f92d35,src/java,src/test
246027619978c15e31735bb671e04c99abd8ac59,src/java,src/test
08f0beaf018ac4f4dd0325674f17519f306b2746,src/java,src/test
ad8a4955cb3ddfed950d2b3c21256ed4b637c5fe,src/java,src/test
838a7db4ae920bb15a90408651fb1767eedd735e,src/java,src/test
d17f7d01787f67ee6d81f12cb67e5d961921d2aa,src/java,src/test
1318e3952d8c6aac1c34454583cadb02be9d0616,src/java,src/test
733b83d0dea8c45311e8a88cc44587abda4c41ee,src/java,src/test
508e0cc43be9b617cdd4ac5415c76521d478ef92,src/java,src/test
cf0d6a84f168a8066af620a38690b1c8339b8c25,src/java,src/test
9edd19d0f0f12457a9314cdc282875b525f3ce83,src/java,src/test
2f861bcfac177afe6802a3c2f826d60eb568339e,src/java,src/test
497bf061d76b0235738ad939d3196004036b207c,src/java,src/test
1c53281831611837de4358b6e75de594867f46b0,src/java,src/test
15b093448cebcaf28bf7384257bd9208cc18bb34,src/java,src/test
ee22fe99ffb101fb4ca0428ebe2ad0ba35603ccf,src/java,src/test
3e2a30071802d6780827061bcf49ef6f2ef6b4b9,src/java,src/test
3b74386d3d412594f2b34a9bc782fe1efcfb041c,src/java,src/test
c6b7241fc57ac41db358ee5990e1908ac41f4b58,src/java,src/test
1ca01fb57f48351401f1005c97497fb3ed5548bc,src/java,src/test
bd0593e136edca76a28757ad1be3d9f90099bfac,src/java,src/test
216ca3a5ba9a3755930ca4c3515416223ca4d54f,src/java,src/test
e28922e42a32f3d0579f00f6b72ac3a077b31bca,src/java,src/test
286b66c3ec20c750f8af75058e915eaf41243c0c,src/java,src/test
559e62cf4513bab20c08ec8129bf60b23e423b73,src/java,src/test
df34910866790342f1724ed627ca69cbe3db79b3,src/java,src/test
204ede6adb0c08f84ec2d1743c92b20af1001a99,src/java,src/test
cd62323bfff88610c966638f4d9ae5eb3f930cbc,src/java,src/test
24fb8a7f04031ff72635e22a6708265ea15b93a6,src/java,src/test
72e29848274366c1b07aee4bb1838cfd396b32f3,src/java,src/test
ff876331711077ebe8c527f2c54382b0b040af9f,src/java,src/test
2ceb46d976ae1f971dd70270072fc17e7524e93d,src/java,src/test
63776cc09959f0a5bdd88304f6c94c6374d1bf46,src/java,src/test
eec5936b267c80eac7fbf077e88e0eb997f0c335,src/java,src/test
7a5182133f90f7d5d9981c5f0be59c315e0828ec,src/java,src/test
cfd2560843033325d5ed7001f363e93fd5294000,src/java,src/test
a32f8b913901de4e6c5090f0fd33b0c9cda02ef9,src/java,src/test
b3f082cdd7587dac8b5f75beea1e48fd42e38f84,src/java,src/test
3f2c1cffe03f41c9f5b63bf7d314ba4180a5dda6,src/java,src/test
9b637536d59ee09c4f64f43d96715685f78564f2,src/java,src/test
4fe432305bb4b57e5f47d5261f31f0ad0cc77b28,src/java,src/test
1628d29f0c14e9619960d60a6590dc0d98331c42,src/java,src/test
672dd563c176a418d69b9cff2abfaeb62f1fa3e3,src/java,src/test
af6a5edc743a8c30d164c39a84a253e977e7b4a0,src/java,src/test
0d744de2743b78cfd8481908a5736063ce23fe86,src/java,src/test
e73f015ae81c2fad38bd46d96951080bbc28da5f,src/java,src/test
51f88c4ed6a975677114745e3c92d6b9f49377fa,src/java,src/test
68a33e20efd5ca9c3c0bd12ca34122686ca4945f,src/java,src/test
2f4fb3842ebf171b5124d9c23e1b319f79dc6e73,src/java,src/test
424c02b3ea3c10724df2419ae82cd7f98a7c351f,src/java,src/test
0af5a563cf3431f27ec43135a484eade7b796574,src/java,src/test
218de40b5f82600b012bf67d230eedfc81d4fdb8,src/java,src/test
66f4109d462e99a819a8eb4f50e9260503e4ed30,src/java,src/test
c70bed3286d088cf1074a2a3079779b80d7a5305,src/java,src/test
752e6507e65146542c443f6fff986a344ae6a41d,src/java,src/test
cac58a6794206f5a75f62dd986bda394a7355628,src/java,src/test
bddc7abc432175ef17c222111a03ba1314f17910,src/java,src/test
9cf06a0edef98aed9ec36b0c8b604f4209a66cec,src/java,src/test
dacd73897e9ba29c1073b481e3e5942c9300e64d,src/java,src/test
e194bd41a1655aef9747a03f1267b8a62cfa5fa6,src/java,src/test
f0bc45b22638eb192fcf55391d2ef6fc35d26872,src/java,src/test
1f61e04eb01ab94124afd0cee797e08b8a531abd,src/java,src/test
e79611cd762654822d884a9cd481e80675fc7413,src/java,src/test
999008177a1bb551c0cad9b6a665a1e346741df5,src/java,src/test
8e5c7f44c68044f00f0c691090349cab7ec10400,src/java,src/test
3fb31853c408ac481a58b0dd84e5b143db03d3a0,src/java,src/test
95fde08d7ff98666d724fada3358611d74357fd6,src/java,src/test
c4490d74c2fb3687785e98b7c578bcf22e11c75b,src/java,src/test
47bb5716b6b1940fee8c854bd67b02012999a713,src/java,src/test
d1f9b85bf6de868345a9f00d2f39aba683d1a49b,src/java,src/test
9fb296cd8998d69593947bbbeabfa2dd3faa4511,src/java,src/test
7f66bef605a8e68aafb04c566038bf14a7e9383a,src/java,src/test
d4221eee46da2e521345333fc2acf745f36861de,src/java,src/test
f624c0347c9e9e94d88ca85caa07ab945969be0c,src/java,src/test
f40d5fc2e529cfd55b48c52bfbb22e0d36bd52e9,src/java,src/test
c241433604ebb835cc8893299466548f2f512a25,src/java,src/test
d20cabdf10cd743d8a842c7d5a922460b9dd25e0,src/java,src/test
597076184baefff976125a341ce242693ac894c2,src/java,src/test
3bdd4b8a4019bbf43d3fd82b532ef428d91198a7,src/java,src/test
e0560ad92a4b999291e93ace3a188804fdf99e8d,src/java,src/test
47d66659a952d395480d7475dfceed9cbbb1f114,src/java,src/test
2f2e36fadd7d04b78fd4f9d959632f1fe6c4a69b,src/java,src/test
c6f0132435d06d65cd46ddac3190a861b4fb1434,src/java,src/test
38536058f7a5d24ed95524ffaadb4c125a3a2965,src/java,src/test
b2d05641ab728879cabbd271f0747bf98db02dba,src/java,src/test
66699ecdadd45d090b7831ee46be16bb19b16b1b,src/java,src/test
6a178837bd459f2713390091b0e91875d7618d60,src/java,src/test
975b8b1686239685d46126329a59cb088f967d56,src/java,src/test
b1987f221f0655811991852eb57472c4367ec1c8,src/java,src/test
2127f4503501952df2c5e7fee4998247741dde8d,src/java,src/test
ed8738d5b3ad58d3ad8b225cda7d9be03d8ade43,src/java,src/test
84c0cf32dcbb7ddcde8b6d5437c3e415a0138d72,src/java,src/test
b86627e489979648bad3a142426cd59c45298ab3,src/java,src/test
f860c9db1fe66d6f88415d2d17096d4c25d0fcfb,src/java,src/test
5e55a95bf8108dbb6bc6e2a0df598838edb6e82a,src/java,src/test
02a28021041977904fba631de4014db04b1ded37,src/java,src/test
7067a02a7d15601c4476b78067352478322e2afb,src/java,src/test
b9ce6ba6d687c7a41a3304f4bc9a44fb4e88345d,src/java,src/test
fb95d304d675402012280842a8db7a03cc581e63,src/java,src/test
9efdfe129de389d00346939dd2ce5e57e6cdc087,src/java,src/test
13a3ac7a7eeddf68b9106ec64c5a986cd5a12cbf,src/java,src/test
566a739015f86c5d88e80420361e1b61fc888329,src/java,src/test
e817603843bca75a1d29fa37fc60a65a3fde276b,src/java,src/test
78af337ef74e40ea241b90ced83fcc92a895eabc,src/java,src/test
13074109e7dc147f524f1ea566f7cc3b336d5562,src/java,src/test
fc70d537fc5337806426a9cb0e88f97b75344aba,src/java,src/test
b452786baf48c3c9cfc61c09cc929099b792847d,src/java,src/test
a6052e85ee234cd93863db009b1f6c1f6fe9af16,src/java,src/test
54e1392c26b3e54cfddc7d52ea81f0ea550a1270,src/java,src/test
af4e40635eeead48feaefc7a6cd8a2d3f7d08494,src/java,src/test
a7d9628c2ef6fb473047e62e868c0351c6f350ae,src/java,src/test
f9acd32e5396e4ca29afb7a9c524f44ab57a2813,src/java,src/test
d322d2ecf133a443be0ca6ae1eb8099b1dd5a87f,src/java,src/test
9f5500b61483514ccd70f7fa79913188fd52cd20,src/java,src/test
a78b1165ba9f22da3d54234d3a11114cb51718af,src/java,src/test
24026c1569c7be0b543c9f2ae97edeeced8e3d28,src/java,src/test
1feaeb03ebdfad34715c0238effce75fa08b74f1,src/java,src/test
c346671137bac62e4af570bdf254040674006f2d,src/java,src/test
4503dc156a1b12c7ba0094071391d666896ccfea,src/java,src/test
343e27c50587709d3b731eeaaf89a0b58a763127,src/java,src/test
16d0a2f9c47f9168f6bf06b4448300ddb72f7357,src/java,src/test
49a5ae9554807aee369852394d3143bbb7551ca9,src/java,src/test
107622b48eb3bdb72fee721c94b8d6ae489c6258,src/java,src/test
a1a27490c8adc641ad0e48d5fe45e334002c2365,src/java,src/test
e6dff91bd3bc1702946655973fd89688936a8df9,src/java,src/test
188c1569fe487be743ed33413850497f81602171,src/java,src/test
c6c730023a5e2638f70c4f80c2a61de7d9af09da,src/java,src/test
ae3aa5c5f16545eef7343be58a917c0bfafbb411,src/java,src/test
2a0967ddc85c971b191585b1613bde379adcf7d5,src/java,src/test
4dec1b2fdb87223a3a595d8ddf47e77beff336ff,src/java,src/test
ef86b1d6aef4dee4de1a74cfe30212c34583c19d,src/java,src/test
80db06fc8ce257320004d0e770cd763284df4dd4,src/java,src/test
0a98144b0eb8f2fe1dcab07573f281c096a3d941,src/java,src/test
a40496b96507b1aab90f0d84138ee11765e6c4c9,src/java,src/test
d6d3726e5e61ffeafa6181876c6af26da783bbd4,src/java,src/test
a09c139bb014303ed4e7152c9e18ae05407b9df9,src/java,src/test
ab13a0ef40a9b35be0c63980a9157657d92f8526,src/java,src/test
79046307a3316c0fc4b7e680e36dc971a7fff667,src/java,src/test
ba2628e69e24791f9c8687ecfe8a65686179d40a,src/java,src/test
fdeda1cf151e1b42628cd1e433a6ca54be155223,src/java,src/test
fc65d9b376af1fdd416bbc21ad6c32416c75929f,src/java,src/test
e69d76cf1654d0676a5872fa6884133d6b5ca7a0,src/java,src/test
a9a30b3c27d44ddd793374cc8aad90cfcb7a4298,src/java,src/test
7034bab7e9cc36d3e8c7cbd8c2ec5a043f409e36,src/java,src/test
262560ed37ad1c6ed322ce8b3c39a33d89932109,src/java,src/test
057b064b15f7a47f7fc104524ac1b865ab2876dc,src/java,src/test
6bbd9d768fe6fe8ef8f95602cd19b534c227929f,src/java,src/test
eef31e37e3e8cf60f55bc61cb3d3e711aeef5bd1,src/java,src/test
463d82c085669c9f7617c7c12a74af55071c3afa,src/java,src/test
e38356616c8577e24c47c5d1501bf55f92109d2f,src/java,src/test
ef7e8ec9c67c062ad5f221b196a077f5ef0f0bab,src/java,src/test
f42e8f505459ea61d48ff80403446905773ee967,src/main/java,src/test/java
e2549e94a9aa874c1ea576cd5a9003b4111ab9f3,src/main/java,src/test/java
83c470f5aae45066665368574ccade62cccd709e,src/main/java,src/test/java
6867d5200a26cea80b7494bd71000bf297919e30,src/main/java,src/test/java
4e1531cd799ef944250827b3f4950f0d3c84eba0,src/main/java,src/test/java
95342de6b56d74c10eb3f496c57f16e8185cd62f,src/main/java,src/test/java
50181e11bb222bbc17fb871d4089db284bc65969,src/main/java,src/test/java
20b0daf48579f6103be49a7e9f5053977e31ac0d,src/main/java,src/test/java
aaaf6219c073428b2c72cb4a4101ec7da580b92f,src/main/java,src/test/java
4f5f08f8084c6b69985b37ca9d4da41bf127a479,src/main/java,src/test/java
578b581d9c5f70c6cec105bf65388fe314024fe3,src/main/java,src/test/java
94a668c31c96167b86bdd722ebb62eebd6ad1108,src/main/java,src/test/java
92039af113100e8cebf8b80c09f8715f981c94e2,src/main/java,src/test/java
821ccfacc717f823446f9801ea1c87e992b81a24,src/main/java,src/test/java
d16ef2e370d416e46a881da2a355fef567543063,src/main/java,src/test/java
3f6a9b74fc9d7eabcc0ab2a8b4f050168eff48ff,src/main/java,src/test/java
4ceac8f559965c8039ca9a90c8c2fd2edc34cce0,src/main/java,src/test/java
be8e1c3103e57da9a9c2f72d79e69194c1f1d0b9,src/main/java,src/test/java
3f40e72d83248832021c99f246cef372c18b0d53,src/main/java,src/test/java
ec1d7200bcb98f54b1a89bf2a98abdaf79545afb,src/main/java,src/test/java
d04a18d643707e5d3926236b1a9fcc3ff1522bb7,src/main/java,src/test/java
328d02a4ea56362a55ffbfc3e04929f0e3d4ed7b,src/main/java,src/test/java
0130a3f20814ffdc6165fda25ce094cee4c5d324,src/main/java,src/test/java
0ad18f8dd5548e0086bf30fc95b5b02326446009,src/main/java,src/test/java
8f30e84c0495f0e6848e27ec13691a44c981865b,src/main/java,src/test/java
f5b751c8bd4512c942ad2a7f871f547efebcbfa3,src/main/java,src/test/java
900481b4aca6592bb142d39b51a1973c5605ec71,src/main/java,src/test/java
70918d3a66258734729b65bd8d1651b470859771,src/main/java,src/test/java
f628e3a2779d471aac5abed576d7808f0ea624d6,src/main/java,src/test/java
d9ba52121b7d666c34b35f8a643521947806294f,src/main/java,src/test/java
bfbc68c3988bfd8e097fa229a29621ff93087cfb,src/main/java,src/test/java
ca4eddad7a86f46ddb8a8102c182c55a6c490bf7,src/main/java,src/test/java
309cdbc5bb9ab9a8e982cd862e389768581cc1d6,src/main/java,src/test/java
e4601582be15def78a2de97072842bd1276e3dcc,src/main/java,src/test/java
bd6a3f6a7476f7c16ef484bb2609aefc0c6f4830,src/main/java,src/test/java
df0b3837f1118d1b97a802da85a6984f1ca223c5,src/main/java,src/test/java
d371c2cf006fd21a96adede348bda3562f83389a,src/main/java,src/test/java
6ea0ce4faab0239946a0282ecb34c8cf6e300deb,src/main/java,src/test/java
20bdbcac7bebe3577d2063cc0dc6503abd92901d,src/main/java,src/test/java
9f8259130143e9d35fbb904742d16d99e36f72ac,src/main/java,src/test/java
2908e3caffbfae51ea195cb96fb55c3b14f5bfc4,src/main/java,src/test/java
e22e2c1227f5d3173670294cbca3cbfde5a38a04,src/main/java,src/test/java
e468b28de55bc8475de6140080031cb4feec0287,src/main/java,src/test/java
43859713158eb9599657cf7663ddd9f6810dad62,src/main/java,src/test/java
25d3a19a6646e2af5354f1078e2b125d8446788f,src/main/java,src/test/java
3693b03c87238cc8bdfa81145942c2896b036a5b,src/main/java,src/test/java
9ee2472c261de017fb0abb729611ee268c7d2b30,src/main/java,src/test/java
3f794fb8e6b9d93b906b07fe77a248d5ecd8152b,src/main/java,src/test/java
7a614a4489c4c75848f7dfae9825e549047045a7,src/main/java,src/test/java
db5ceca8103c900126d1bb68debe03bcaf95654f,src/main/java,src/test/java
125b2261cec611c4a372f9eb4062ae1ce4cbd9df,src/main/java,src/test/java
db465e82b5cbf29fefd4c923e8adb8f2db2bc2fc,src/main/java,src/test/java
1de6a519e502c2b7f7f15705d2f74aa79460550d,src/main/java,src/test/java
2388c5689d8e5f5c8d45c53d258fe104b0819977,src/main/java,src/test/java
60629ba55e103d02ab692be389110ef9e90b02af,src/main/java,src/test/java
2f60a82073b81ca990ac941a68fc5f2667b31706,src/main/java,src/test/java
5cb0099a249f4609702e707d5846aec761cf49ca,src/main/java,src/test/java
6a7fcb5328372c410474cc9e7aad6c717438d512,src/main/java,src/test/java
d3f9c7067a3c82384dd340ec5d7f52ebcf916d36,src/main/java,src/test/java
ad608cd543a2cd63f6745d1dfb01d6a2e4dd0aad,src/main/java,src/test/java
fd9529075ac220b02d6a0a02481a9a0624d94b35,src/main/java,src/test/java
64e0c0fe372416bc7bd412d88e953f44dadf8a6c,src/main/java,src/test/java
cefb1711673a1580c844190c1d1cd4314e062a0d,src/main/java,src/test/java
9b444e87f14af09670529fe388c98357cb21f345,src/main/java,src/test/java
71e7a2b7366d41381d747e0038a4001bbdf7467f,src/main/java,src/test/java
b6b621dd4369eea7b0295edc9157de8ee4e3cbe1,src/main/java,src/test/java
1b734f6744f1ea778ac8b1bcb0c52fc3ddbde1ff,src/main/java,src/test/java
a515e3a791afb0a2d290a349b9907757d99f993b,src/main/java,src/test/java
0db44b74a2565e2092324e0450b891e5a7ccf2fb,src/main/java,src/test/java
cb6f7e82bedc4dd68d15f8b8cf609f411662f8b0,src/main/java,src/test/java
9429d90eb68774316e9a714c67a71a9288040c71,src/main/java,src/test/java
514525c6a44acc2c58cb0e3e62fceb9149ffe489,src/main/java,src/test/java
3ab9eac33a1dec0e98009d3f20b0b7ed41e3efc1,src/main/java,src/test/java
55595e71e145a7b63488751ffd6a485e1fd41ebc,src/main/java,src/test/java
9d1383a42dceb7155d7411a9682533761f856d03,src/main/java,src/test/java
a216362a393976500b515efbe08e7d96c688600a,src/main/java,src/test/java
b62beda44466a74116ddfe9aa73145352f89f649,src/main/java,src/test/java
9a8e5636d57c3d8813b962d0d7b5884e7760d3d3,src/main/java,src/test/java
cc3c0a92368f8976ec3f611bd36184c37f14c15a,src/main/java,src/test/java
12e82573cb59496b5f0d3b51ec21e6062cd89e77,src/main/java,src/test/java
3fa44b2abd64d9af0011b75e81e87e7b0e407cb4,src/main/java,src/test/java
0245d66f72e0645a448e2d03a7b957bcc18d919f,src/main/java,src/test/java
3c9ac0c62a4370cdd5309a50393eadda9e69a0d9,src/main/java,src/test/java
21e9b011982e28b6d2ab4dcd0f270942af75fc58,src/main/java,src/test/java
ad9c96e93d20162af900610a6dff60c4502b109b,src/main/java,src/test/java
0516bc683eff01ab32a09f7b6dab57bc5725579c,src/main/java,src/test/java
94228aeb55ee1a3391f7dcf09503e1fbed9c9d4b,src/main/java,src/test/java
90e8706125cf00c2924357d7c9f58b56c9187d33,src/main/java,src/test/java
e148346fb50e40cf4e0ba7c2b95603aeda740c29,src/main/java,src/test/java
764a02b8d743dc3ca1a8e70ad79f09d6dd7b3a1a,src/main/java,src/test/java
6b873e468b5cae08c073f7d7816912a78db40550,src/main/java,src/test/java
999803b99c93292829194e2cdf5339594227cac7,src/main/java,src/test/java
4bbdb3b88c5f833dea35d6e611e66e43772f21e4,src/main/java,src/test/java
5062de5b7ea98b0b1b3a59d98d0099f1b93a9bb4,src/main/java,src/test/java
be9e92bc4439a6e0cc85365709370dbadbdb6180,src/main/java,src/test/java
8dddebf1cb559cf97c40b4f8f6da5e69bca9d963,src/main/java,src/test/java
45ed315416acf549a1d0caac1ee14ee0b99f62ac,src/main/java,src/test/java
af228dff05d74103cd1667f30d892a9d0d0a93e0,src/main/java,src/test/java
7faf03d28d12568afe44eb8a2ab981758a0a2897,src/main/java,src/test/java
ac0f393e4e9686a46e9b5adc8402ccff1b6b2420,src/main/java,src/test/java
719467d4d6265cb4ea41578d3c29806803fb903b,src/main/java,src/test/java
0dca9e48860bcd3d3e4ba603838257ebecc41b2d,src/main/java,src/test/java
1fd040cef10b18a68c118464809502446f34603d,src/main/java,src/test/java
9712293bdafda3927b73e832d04ba8641946745e,src/main/java,src/test/java
20aa1be7d78ef0d3bd0b42b1b596b2815b1560ac,src/main/java,src/test/java
280347f1370951855f46ea58efc936836ea82e7a,src/main/java,src/test/java
2d247017bcfba1d2565fe286b049cae5f2e6c950,src/main/java,src/test/java
04c1bce1f91ff97aad65d353ed92fbeffbc061fd,src/main/java,src/test/java
7856de78840d401c06f510b62c45746c78ea7f11,src/main/java,src/test/java
53434293b89633bba4b5731334dad1c94e58d803,src/main/java,src/test/java
1d22e7a1ad1b2e6cf162476674de1e8f5d4081df,src/main/java,src/test/java
fc534100c4e4eef54a31806b59cfc81a6674a4aa,src/main/java,src/test/java
75b2d209c5ab7d1cf3aec51254fe93056aee2135,src/main/java,src/test/java
8fc74a9bd95d58aa7e69ef8b64f86063a15b2bed,src/main/java,src/test/java
67407f284b52a672fc49db793f10e55cae20b90d,src/main/java,src/test/java
bea5ca1141531a4c2c14c4059ebfcf0b00862d42,src/main/java,src/test/java
7344ddb46c70f689b45a0c31eebfc38d4c89c24c,src/main/java,src/test/java
628813c02504c14a2033785d300c5e22ac573fb9,src/main/java,src/test/java
5544b5af78ba07308f17e37915c2c919bb143870,src/main/java,src/test/java
2ccca975ded63aacaf532065632b15fc01750f68,src/main/java,src/test/java
2062535c08d5552fe8685b418486c28d599d51cf,src/main/java,src/test/java
2e9734b128f1bee856bc73a5dea7e106c04442d3,src/main/java,src/test/java
6344ce7cc648c06a7f170aa1bbb17a1a790a54dc,src/main/java,src/test/java
ddacae3a48c04abfa200a3419f1dc19355a6ebe1,src/main/java,src/test/java
1c543973e93f01249a7e879cdc3f30c604895462,src/main/java,src/test/java
3623d0b6a5dec35536c58762aaf1cf1a7505a209,src/main/java,src/test/java
859829da3fd4da1effcbdc3224ed383bd8ac515a,src/main/java,src/test/java
a3fec41476ade3604519145f929e68a6cbef21ff,src/main/java,src/test/java
e498bda4b550707acc8352bc65ab75a30ef88ba4,src/main/java,src/test/java
f8028c6ab2e29fb49f41b0b439fc78d9b46ed526,src/main/java,src/test/java
42956360e42e805d390a0d31ee031db029937bfa,src/main/java,src/test/java
b0739e8c96625a7a8105e4c1262012184efddec0,src/main/java,src/test/java
51c848d04590dbe3b6355763c86302a61f31c3e4,src/main/java,src/test/java
d407702e4a646e01ad81684afc9cc0c66551ea95,src/main/java,src/test/java
ae12e7318d56ccbb5273218b0ff8cd00c8ee51fd,src/main/java,src/test/java
9720cbf8b2b6595f79e08f2964c53e47c96324f4,src/main/java,src/test/java
59877a43eb049806818386dedb072ffbcf694964,src/main/java,src/test/java
d8575412eb50c8758f64e9bb37363c974a0a36ac,src/main/java,src/test/java
a3e6680f935a0b6533563c0b58d41a217996aa93,src/main/java,src/test/java
a23dfda185b8414033aa2350c75fcd56a0911728,src/main/java,src/test/java
33469fe1be59affd9b4a7a9562dd1ff4862323e1,src/main/java,src/test/java
42398893d7abfb2f2cee169465e2777eb698ae9a,src/main/java,src/test/java
f21a3793d06495214fcc46c081ae0c663c272ae3,src/main/java,src/test/java
b3bb5648e1c7b47f33a1e06e5cc4dc2b8a2e67a2,src/main/java,src/test/java
d7437c79bbeba415523c52488019cca0f5cbb7cd,src/main/java,src/test/java
6fe0136334d6466d17d01ee17e18f0be7c200231,src/main/java,src/test/java
8c3a9eacc52d8908130a29ea7675514decdecb2c,src/main/java,src/test/java
96594ccd8805f150ea29596db8b5993f0e491f78,src/main/java,src/test/java
6c8654a071cceab767bc7d9c2dba589209c75dbd,src/main/java,src/test/java
fe183744bf259b2a70fe601a19f572b39f408060,src/main/java,src/test/java
76f63549524946005a34ff3eab3c30ae2a505e50,src/main/java,src/test/java
5418638f92577ba6b22c35f9ee6a981b06eb5957,src/main/java,src/test/java
8309cfcc1a5abf48ddbee03436c0fd4f15ec4945,src/main/java,src/test/java
055cbd0d42dfec901c7b2532f7a71f937b1d4756,src/main/java,src/test/java
8196ab509d705c6ecd5e13b3e7f3e9768fd33242,src/main/java,src/test/java
389bd1618d63589f4e97105b5e90d4a807562447,src/main/java,src/test/java
e9dcc716af5014485846d28e174164c2a3720c15,src/main/java,src/test/java
4930140ec6fdceb7e15d31afa45243dee7d1e217,src/main/java,src/test/java
8fda5569b24cd3f5ea30fcd68b8459bcd03733b9,src/main/java,src/test/java
0635f7f27ec605303b7f25182e091777d38c7955,src/main/java,src/test/java
feb962488d8fbb628958cac1a754503591c4eac8,src/main/java,src/test/java
5a2555b72d8788462a3e62b4244a0a7f7b06dcb1,src/main/java,src/test/java
ee61bde4e14fe5d1f63e0f1b8e52011b5fb57ed1,src/main/java,src/test/java
b0db819eaf22c91a7cc914fa8c94f91143ececbf,src/main/java,src/test/java
6fffdeffe114f022d8357ac876c9277b9ad3feb9,src/main/java,src/test/java
a03197def3b910666e6014dbc501d0eed036313f,src/main/java,src/test/java
3bc576a7e41c5482dbfddefeaa99e696f34de50f,src/main/java,src/test/java
c8230b04b204f90cbf916a02212f246700814ef4,src/main/java,src/test/java
21a0e874cf3d14cfcef60d20b97e4c81da581788,src/main/java,src/test/java
c591ff7478a67aee5f065e0ca93af1c4fefde36b,src/main/java,src/test/java
bc69f94466efb770e78d1bd89a8a1bd460fc437a,src/main/java,src/test/java
861f6fc042985dcf07968f41b7a97155ef00fbb3,src/main/java,src/test/java
31e761b1fbe4676523a87e9716eb2bf03a64cada,src/main/java,src/test/java
4073f7b0a15b6de7b760834d5acfc4c6d9d3ee3e,src/main/java,src/test/java
663521121083c36fbff550f23fa14bc74b73174b,src/main/java,src/test/java
5303d7cdae954938e6aadc32d3e0c89a38c30463,src/main/java,src/test/java
5eda1d70605f3407bcae58a77f2c92266e91815c,src/main/java,src/test/java
0d547db40d60ce790675ab94a66a97ee2efacff1,src/main/java,src/test/java
3df316bdb511cff31518b0f30143a033bac5e8c0,src/main/java,src/test/java
fe8f43befbdc5241d8c0c687d50114f4eb77fcef,src/main/java,src/test/java
f503bad4805b3c0e6f38bb9e6c4888483807b292,src/main/java,src/test/java
cb6b1a406c6c8fa7118841a578b4c36caf7dd2ee,src/main/java,src/test/java
893a67efdf4fd2b02f5a7b1d6e3a22e10bf969cc,src/main/java,src/test/java
78e692c33d25e2da9a549235464e4b212f701263,src/main/java,src/test/java
97c6c963e2045def1f19c650f638b304f6464c19,src/main/java,src/test/java
9200911bf40a2bad68477e54b0e9554e4e8556b0,src/main/java,src/test/java
3751cc240688fe7f78b546338a7c71d4206b687b,src/main/java,src/test/java
f48cd4cd0668dd31f92e5fa5dcc10f7531d08249,src/main/java,src/test/java
02b373073397b8e116d1e1c9289bcec3088feaa7,src/main/java,src/test/java
619aa9bff4055f51df04f5f837605785a998e9b8,src/main/java,src/test/java
4c55341a48427f7bc0ce30f0699c673f7e69f63d,src/main/java,src/test/java
27ae87a59cb2f0d06ea21d4a886f3afb9a14247d,src/main/java,src/test/java
962128ce971b2edd3fc9e4a85b417fba01a0246e,src/main/java,src/test/java
287254724ea66841b932fb5f6d8cbe37b04eea81,src/main/java,src/test/java
076809136106ba4abc3384391875de89a44ac519,src/main/java,src/test/java
6108d46ede3c99b85bced3c65ea568f81bd1f472,src/main/java,src/test/java
a3965076535f8673cedca093d11876eba76cac5e,src/main/java,src/test/java
d3c40d779168c09cacc22481c7b5b1bb69cf6c4e,src/main/java,src/test/java
5973c0e2f15d1c354da37f46e10e80c9fbfa57ba,src/main/java,src/test/java
d008f8e95ca3d235691bdb644d61d9418e20ef12,src/main/java,src/test/java
a758257bdac4bbb7e03c3607f835e5c8f535ef5e,src/main/java,src/test/java
14c0de75518520d984c551278b894666822aaf1f,src/main/java,src/test/java
d4d39a187546c53586044e806453c9b0436b347b,src/main/java,src/test/java
a76a3a65c4d2e3530c69c1fecc6e4fe6f2f221ed,src/main/java,src/test/java
746821e2568246d8d7b09403f68930ab000a9592,src/main/java,src/test/java
4c9402eca4322e092ff59f855867eedbe4640462,src/main/java,src/test/java
3385643cdc97b180fc6bc8cf26a38b56dc98b69e,src/main/java,src/test/java
db6cfaac044ad3e714e12a06ddaff8bca096586e,src/main/java,src/test/java
61cca7868649e7c5739009fe453157c454ff8a29,src/main/java,src/test/java
0b851caa28e1b4253b4f01c3df77f70eac8972dd,src/main/java,src/test/java
1fe8029e656c7921cbbaea8a45b9368a82d69a6a,src/main/java,src/test/java
e0888d8afc1598a0e2b801d34023ba81ede32ee3,src/main/java,src/test/java
9c7e93974938049e0769ed993b6a39b41e77cdcf,src/main/java,src/test/java
1b8bbda87fbf333cd96353bbfcf7bb8274ddd393,src/main/java,src/test/java
11817a41c32a7a4a8878f42477e9be543a133f71,src/main/java,src/test/java
8bc64b9ae404c7aaeb71eaaaabcc133cfd54f323,src/main/java,src/test/java
dd82ef84397162b72b7b3196197066c5cd908494,src/main/java,src/test/java
674624c0f256464ab013f22eccaf5b9eac212147,src/main/java,src/test/java
eeae97a2141dbe1bec8eaab4adfc5338ee2cb38c,src/main/java,src/test/java
3425aa853e026a05c9b6d920efe230a869fee0b2,src/main/java,src/test/java
